{
    "disp-20": {
        "_abs_rel_diff": 0.11270373280397604,
        "_squ_rel_diff": 0.59032540807246,
        "_RMS_linear": 3.288578520375743,
        "_RMS_log": 0.17885697350186436,
        "_SILog": 0.03235828544745831,
        "_mean_target_depth": 13.932342050986206,
        "_median_target_depth": 9.67994381611418,
        "_mean_prediction_depth": 14.275139907603295,
        "_median_prediction_depth": 10.182868245635008,
        "_mean_depth_error": 1.5664200840879106,
        "_median_diff": 0.5289520198390864,
        "_threshold_delta_1.25": 0.8829698445152774,
        "_threshold_delta_1.25^2": 0.9617744972189265,
        "_threshold_delta_1.25^3": 0.9854552734545882,
        "_10_mean_target_depth": 5.47228759725349,
        "_10_median_target_depth": 5.242541485192658,
        "_10_mean_prediction_depth": 5.914779765338685,
        "_10_median_prediction_depth": 5.54531340898674,
        "_10_abs_rel_diff": 0.10734800751008716,
        "_10_squ_rel_diff": 0.43861864480446466,
        "_10_RMS_linear": 1.4171409024617592,
        "_10_RMS_log": 0.16588184112751486,
        "_10_SILog": 0.02659326212082462,
        "_10_mean_depth_error": 0.5896087240792971,
        "_10_median_diff": 0.3055188499125261,
        "_10_threshold_delta_1.25": 0.899323214728461,
        "_10_threshold_delta_1.25^2": 0.9660690385842268,
        "_10_threshold_delta_1.25^3": 0.9863363195355338,
        "_20_abs_rel_diff": 0.11393909172578545,
        "_20_squ_rel_diff": 0.5025125333708105,
        "_20_RMS_linear": 2.055983995071834,
        "_20_RMS_log": 0.17458871962794406,
        "_20_SILog": 0.029578936027668184,
        "_20_mean_target_depth": 8.283641785849278,
        "_20_median_target_depth": 7.143402425166049,
        "_20_mean_prediction_depth": 8.840583671645197,
        "_20_median_prediction_depth": 7.5306904648381545,
        "_20_mean_depth_error": 0.9739387776283682,
        "_20_median_diff": 0.3954932446983917,
        "_20_threshold_delta_1.25": 0.8865370279777095,
        "_20_threshold_delta_1.25^2": 0.9627966194076584,
        "_20_threshold_delta_1.25^3": 0.9860788316533167,
        "_30_abs_rel_diff": 0.11327091492178769,
        "_30_squ_rel_diff": 0.5247730877149618,
        "_30_RMS_linear": 2.4225878023411385,
        "_30_RMS_log": 0.17505316930740264,
        "_30_SILog": 0.030245469056345932,
        "_30_mean_target_depth": 10.636287889785116,
        "_30_median_target_depth": 8.399358375140126,
        "_30_mean_prediction_depth": 11.191166863457989,
        "_30_median_prediction_depth": 8.841869205579696,
        "_30_mean_depth_error": 1.2075811734537985,
        "_30_median_diff": 0.4581275112631839,
        "_30_threshold_delta_1.25": 0.8856554853408842,
        "_30_threshold_delta_1.25^2": 0.9628603519880927,
        "_30_threshold_delta_1.25^3": 0.9862098751303461
    },
    "disp-1": {
        "_abs_rel_diff": 0.15238122854485406,
        "_squ_rel_diff": 0.9619103577356011,
        "_RMS_linear": 4.578201370188355,
        "_RMS_log": 0.2289850129757674,
        "_SILog": 0.054765543135200094,
        "_mean_target_depth": 13.932346952241708,
        "_median_target_depth": 9.679944580107417,
        "_mean_prediction_depth": 13.311595015093141,
        "_median_prediction_depth": 9.829895862156404,
        "_mean_depth_error": 2.303281076359206,
        "_median_diff": 0.43562348458927463,
        "_threshold_delta_1.25": 0.8003545032202501,
        "_threshold_delta_1.25^2": 0.9313170990527205,
        "_threshold_delta_1.25^3": 0.9741388525383179,
        "_10_mean_target_depth": 5.47228759725349,
        "_10_median_target_depth": 5.242541485192658,
        "_10_mean_prediction_depth": 5.942839022287325,
        "_10_median_prediction_depth": 5.519985120543626,
        "_10_abs_rel_diff": 0.1390660171593167,
        "_10_squ_rel_diff": 0.6332912151112641,
        "_10_RMS_linear": 1.7076574929315997,
        "_10_RMS_log": 0.19951360207740004,
        "_10_SILog": 0.03962067768184593,
        "_10_mean_depth_error": 0.7631292046497842,
        "_10_median_diff": 0.29665314694649386,
        "_10_threshold_delta_1.25": 0.8667340157838327,
        "_10_threshold_delta_1.25^2": 0.9453969743864192,
        "_10_threshold_delta_1.25^3": 0.9766900109549026,
        "_20_abs_rel_diff": 0.14759069899891922,
        "_20_squ_rel_diff": 0.718826707487071,
        "_20_RMS_linear": 2.458358709056878,
        "_20_RMS_log": 0.21183215155576607,
        "_20_SILog": 0.04591307136692596,
        "_20_mean_target_depth": 8.283641785849278,
        "_20_median_target_depth": 7.143402425166049,
        "_20_mean_prediction_depth": 8.641774129818437,
        "_20_median_prediction_depth": 7.388842784439717,
        "_20_mean_depth_error": 1.260181198406782,
        "_20_median_diff": 0.3512028180120679,
        "_20_threshold_delta_1.25": 0.8322237681339267,
        "_20_threshold_delta_1.25^2": 0.9407690253582836,
        "_20_threshold_delta_1.25^3": 0.9775791805345395,
        "_30_abs_rel_diff": 0.14892653846522486,
        "_30_squ_rel_diff": 0.7738877388338481,
        "_30_RMS_linear": 2.9934380304859154,
        "_30_RMS_log": 0.21667546802289767,
        "_30_SILog": 0.0488316267088667,
        "_30_mean_target_depth": 10.636287889785116,
        "_30_median_target_depth": 8.399358375140126,
        "_30_mean_prediction_depth": 10.74520810122168,
        "_30_median_prediction_depth": 8.609625485430318,
        "_30_mean_depth_error": 1.6167188970680284,
        "_30_median_diff": 0.40570490196610964,
        "_30_threshold_delta_1.25": 0.8190053376105108,
        "_30_threshold_delta_1.25^2": 0.9382977906907979,
        "_30_threshold_delta_1.25^3": 0.9771203074445945
    },
    "decoder-numbins_3-disp": {
        "_abs_rel_diff": 0.1406740134089881,
        "_squ_rel_diff": 0.8413914959200626,
        "_RMS_linear": 4.022667532612829,
        "_RMS_log": 0.2122239897695471,
        "_SILog": 0.04638663095254184,
        "_mean_target_depth": 13.932346952241708,
        "_median_target_depth": 9.679944580107417,
        "_mean_prediction_depth": 13.989670157912563,
        "_median_prediction_depth": 10.190343179666144,
        "_mean_depth_error": 2.028313509131295,
        "_median_diff": 0.5754812279269093,
        "_threshold_delta_1.25": 0.826798643201465,
        "_threshold_delta_1.25^2": 0.9421285189271091,
        "_threshold_delta_1.25^3": 0.9788541604304165,
        "_10_mean_target_depth": 5.47228759725349,
        "_10_median_target_depth": 5.242541485192658,
        "_10_mean_prediction_depth": 5.979029804950953,
        "_10_median_prediction_depth": 5.541942339865988,
        "_10_abs_rel_diff": 0.13018315508354691,
        "_10_squ_rel_diff": 0.5966409859671785,
        "_10_RMS_linear": 1.6777406940063138,
        "_10_RMS_log": 0.1936961415405437,
        "_10_SILog": 0.03676946156011076,
        "_10_mean_depth_error": 0.7281865859551593,
        "_10_median_diff": 0.3131301046723852,
        "_10_threshold_delta_1.25": 0.8694600696605498,
        "_10_threshold_delta_1.25^2": 0.9483527661271917,
        "_10_threshold_delta_1.25^3": 0.978861942087652,
        "_20_abs_rel_diff": 0.13950567881207204,
        "_20_squ_rel_diff": 0.6879740251588045,
        "_20_RMS_linear": 2.4248307312636666,
        "_20_RMS_log": 0.20414376537784654,
        "_20_SILog": 0.04109759829426086,
        "_20_mean_target_depth": 8.283641785849278,
        "_20_median_target_depth": 7.143402425166049,
        "_20_mean_prediction_depth": 8.85760171356044,
        "_20_median_prediction_depth": 7.53576144242021,
        "_20_mean_depth_error": 1.2094555700140082,
        "_20_median_diff": 0.42103478334539224,
        "_20_threshold_delta_1.25": 0.8421465000071928,
        "_20_threshold_delta_1.25^2": 0.9451405284004442,
        "_20_threshold_delta_1.25^3": 0.9797915753333505,
        "_30_abs_rel_diff": 0.13986347847036382,
        "_30_squ_rel_diff": 0.7281697620899783,